,books,author,downloads
0,Hegel's Lectures on the History of Philosophy: Volume 3 (of 3),Georg Wilhelm Friedrich Hegel,174017 downloads
1,"Frankenstein; or, the modern prometheus",Mary Wollstonecraft Shelley,142734 downloads
2,"The City of God, Volume I",Saint of Hippo Augustine,126625 downloads
3,"Moby Dick; Or, The Whale",Herman Melville,121918 downloads
4,Pride and Prejudice,Jane Austen,106559 downloads
5,Romeo and Juliet,William Shakespeare,79916 downloads
6,Crime and Punishment,Fyodor Dostoyevsky,79438 downloads
7,Alice's Adventures in Wonderland,Lewis Carroll,70355 downloads
8,A Room with a View,E. M. Forster,68017 downloads
9,The strange case of Dr. Jekyll and Mr. Hyde,Robert Louis Stevenson,63975 downloads
10,"Charles Bradlaugh: a Record of His Life and Work, Volume 1 (of 2)",J. M. Robertson and Hypatia Bradlaugh Bonner,63751 downloads
11,The Complete Works of William Shakespeare,William Shakespeare,62470 downloads
12,The Count of Monte Cristo,Alexandre Dumas and Auguste Maquet,61434 downloads
13,The King in Yellow,Robert W. Chambers,60068 downloads
14,Middlemarch,George Eliot,58440 downloads
15,The Great Gatsby,F. Scott Fitzgerald,57384 downloads
16,The Blue Castle: a novel,L. M. Montgomery,55148 downloads
17,"Little Women; Or, Meg, Jo, Beth, and Amy",Louisa May Alcott,54293 downloads
18,Jane Eyre: An Autobiography,Charlotte Brontë,53603 downloads
19,My Life — Volume 1,Richard Wagner,48774 downloads
20,The origin and development of the moral ideas,Edward Westermarck,47338 downloads
21,Dracula,Bram Stoker,47265 downloads
22,Adventures of Huckleberry Finn,Mark Twain,47032 downloads
23,The Importance of Being Earnest: A Trivial Comedy for Serious People,Oscar Wilde,46673 downloads
24,Twenty years after,Alexandre Dumas and Auguste Maquet,45344 downloads
25,Twenty years after,Alexandre Dumas and Auguste Maquet,45344 downloads
26,Wuthering Heights,Emily Brontë,45151 downloads
27,The Adventures of Sherlock Holmes,Arthur Conan Doyle,44305 downloads
28,The Enchanted April,Elizabeth Von Arnim,44010 downloads
29,The Picture of Dorian Gray,Oscar Wilde,43743 downloads
30,Spoon River Anthology,Edgar Lee Masters,42641 downloads
31,A Doll's House : a play,Henrik Ibsen,42426 downloads
32,The Adventures of Ferdinand Count Fathom — Complete,T. Smollett,41678 downloads
33,A Tale of Two Cities,Charles Dickens,41142 downloads
34,The Expedition of Humphry Clinker,T. Smollett,40956 downloads
35,Cranford,Elizabeth Cleghorn Gaskell,40840 downloads
36,"History of Tom Jones, a Foundling",Henry Fielding,40231 downloads
37,The Brothers Karamazov,Fyodor Dostoyevsky,40203 downloads
38,The Adventures of Roderick Random,T. Smollett,39644 downloads
39,Fifteen Thousand Useful Phrases,Grenville Kleiser,35672 downloads
40,The Confessions of St. Augustine,Saint of Hippo Augustine,34153 downloads
41,Report of the President's Commission on the Assassination of President John F. Kennedy,United States. Warren Commission,33528 downloads
42,A Modest Proposal,Jonathan Swift,33263 downloads
43,"The Adventures of Tom Sawyer, Complete",Mark Twain,33087 downloads
44,Meditations,Emperor of Rome Marcus Aurelius,31764 downloads
45,The 2003 CIA World Factbook,United States. Central Intelligence Agency,31756 downloads
46,"The Life of Charles Dickens, Vol. I-III, Complete",John Forster,31088 downloads
47,Thus Spake Zarathustra: A Book for All and None,Friedrich Wilhelm Nietzsche,30251 downloads
48,"Les mille et une nuits, tome premier (French)",,30007 downloads
49,Great Expectations,Charles Dickens,29889 downloads
50,"The Junior Classics, Volume 1: Fairy and wonder tales",William Allan Neilson,29676 downloads
51,Die Traumdeutung (German),Sigmund Freud,29070 downloads
52,The 2006 CIA World Factbook,United States. Central Intelligence Agency,28947 downloads
53,Grimms' Fairy Tales,Jacob Grimm and Wilhelm Grimm,28928 downloads
54,Life on the Mississippi,Mark Twain,28375 downloads
55,Treasure Island,Robert Louis Stevenson,28068 downloads
56,Beowulf: An Anglo-Saxon Epic Poem,,28060 downloads
57,Metamorphosis,Franz Kafka,27859 downloads
58,Leviathan,Thomas Hobbes,27738 downloads
59,The Prince,Niccolò Machiavelli,27668 downloads
60,The Yellow Wallpaper,Charlotte Perkins Gilman,26813 downloads
61,"Walden, and On The Duty Of Civil Disobedience",Henry David Thoreau,26802 downloads
62,Ulysses,James Joyce,25553 downloads
63,Sense and Sensibility,Jane Austen,25511 downloads
64,The Hound of the Baskervilles,Arthur Conan Doyle,25137 downloads
65,"White nights, and other stories",Fyodor Dostoyevsky,25021 downloads
66,The Scarlet Letter,Nathaniel Hawthorne,24940 downloads
67,The Works of Mr. George Gillespie (Vol. 1 of 2),George Gillespie,24867 downloads
68,A Study in Scarlet,Arthur Conan Doyle,24849 downloads
69,The divine comedy,Dante Alighieri,24848 downloads
70,Anne of Green Gables,L. M. Montgomery,24515 downloads
71,Oedipus King of Thebes,Sophocles,24233 downloads
72,The Secret of Chimneys,Agatha Christie,24132 downloads
73,"Narrative of the Life of Frederick Douglass, an American Slave",Frederick Douglass,23985 downloads
74,The Mysteries of Udolpho,Ann Ward Radcliffe,23897 downloads
75,Beyond Good and Evil,Friedrich Wilhelm Nietzsche,23854 downloads
76,The Odyssey,Homer,23647 downloads
77,Autobiography of Benjamin Franklin,Benjamin Franklin,23590 downloads
78,War and Peace,graf Leo Tolstoy,23551 downloads
79,Gulliver's Travels into Several Remote Nations of the World,Jonathan Swift,23521 downloads
80,"The Rámáyan of Válmíki, translated into English verse",Valmiki,23492 downloads
81,The Federalist Papers,"Alexander Hamilton, James Madison, and John Jay",23335 downloads
82,The Kama Sutra of Vatsyayana,Vatsyayana,22961 downloads
83,"Bidwell's Travels, from Wall Street to London Prison: Fifteen Years in Solitude",Austin Bidwell,22916 downloads
84,On the Duties of the Clergy,Bishop of Milan Saint Ambrose,22460 downloads
85,The Wonderful Wizard of Oz,L. Frank Baum,22252 downloads
86,警世通言 (Chinese),Menglong Feng,22145 downloads
87,The Works of Edgar Allan Poe — Volume 2,Edgar Allan Poe,22110 downloads
88,Peter Pan :  [Peter and Wendy],J. M. Barrie,21993 downloads
89,"Three Hundred Tang Poems, Volume 1 (Chinese)",Various,21952 downloads
90,Carmen,Prosper Mérimée,21882 downloads
91,"England under the Angevin Kings, Volumes I and II",Kate Norgate,21798 downloads
92,"The Two Magics: The Turn of the Screw, Covering End",Henry James,21727 downloads
93,"Modern English biography, volume 2 (of 4), I-Q",Frederic Boase,21722 downloads
94,Putnam's Word Book,Louis A. Flemming,21630 downloads
95,The Works of William Shakespeare [Cambridge Edition] [Vol. 3 of 9],William Shakespeare,21352 downloads
96,"The lesser Key of Solomon, Goetia, the book of evil spirits :  contains two hundred diagrams and seals for invocation and convocation of spirits, necromancy, witchcraft and black art",,21198 downloads
97,Color Images from Mars Rovers,Bob Webster,21058 downloads
98,Der Zauberberg. Erster Band (German),Thomas Mann,21014 downloads
99,The Book of the Thousand Nights and a Night — Volume 01 (of 10),,20978 downloads
100,The Lady of the Lake,Walter Scott,20805 downloads
101,"The Interesting Narrative of the Life of Olaudah Equiano, Or Gustavus Vassa, The African",Olaudah Equiano,20761 downloads
102,The Great Controversy Between Christ and Satan,Ellen Gould Harmon White,20643 downloads
103,The History of Sir Richard Calmady: A Romance,Lucas Malet,20568 downloads
104,The Love Letters of Mary Wollstonecraft to Gilbert Imlay,Mary Wollstonecraft,20514 downloads
105,Chambers's Twentieth Century Dictionary (part 1 of 4: A-D),,20477 downloads
106,The Souls of Black Folk,W. E. B. Du Bois,20394 downloads
107,"Dr. Mabuse, der Spieler :  Roman (German)",Norbert Jacques,20375 downloads
108,The Green Mummy,Fergus Hume,20358 downloads
109,The Turn of the Screw,Henry James,20345 downloads
110,The Works of William Shakespeare [Cambridge Edition] [Vol. 7 of 9],William Shakespeare,20217 downloads
111,A Connecticut Yankee in King Arthur's Court,Mark Twain,20188 downloads
112,"The Lives of the Twelve Caesars, Complete",Suetonius,20107 downloads
113,"The Extraordinary Adventures of Arsène Lupin, Gentleman-Burglar",Maurice Leblanc,20080 downloads
114,The Man Who Was Thursday: A Nightmare,G. K. Chesterton,19849 downloads
115,"The Metamorphoses of Ovid, Books I-VII",Ovid,19623 downloads
116,Calculus Made Easy,Silvanus P. Thompson,19571 downloads
117,Ancient Britain and the Invasions of Julius Caesar,T. Rice Holmes,19290 downloads
118,Second Treatise of Government,John Locke,19101 downloads
119,A farewell to arms,Ernest Hemingway,19092 downloads
120,Anna Karenina,graf Leo Tolstoy,18790 downloads
121,Poems Every Child Should Know,,18685 downloads
122,Heart of Darkness,Joseph Conrad,18661 downloads
123,"A History of Magic and Experimental Science, Volume 1 (of 2)",Lynn Thorndike,18650 downloads
124,Four Arthurian Romances,active 12th century de Troyes Chrétien,18633 downloads
125,The Prince and the Pauper,Mark Twain,18546 downloads
126,Buddenbrooks: Verfall einer Familie (German),Thomas Mann,18507 downloads
127,"The best short stories of 1920, and the yearbook of the American short story",,18451 downloads
128,The Waterloo Roll Call,Charles Dalton,18378 downloads
129,"The Anabasis of Alexander :  or, The history of the wars and conquests of Alexander the Great",Arrian,18363 downloads
130,Jesus the Christ,James E. Talmage,18333 downloads
131,Twenty Thousand Leagues Under the Sea,Jules Verne,18328 downloads
132,Le Fantôme de l'Opéra (French),Gaston Leroux,18292 downloads
133,The Monk: A Romance,M. G. Lewis,18227 downloads
134,Around the World in Eighty Days,Jules Verne,18172 downloads
135,"The String of Pearls; Or, The Barber of Fleet Street. A Domestic Romance.",Thomas Peckett Prest and James Malcolm Rymer,18164 downloads
136,"The Natural History of Pliny, Volume 2 (of 6)",the Elder Pliny,18152 downloads
137,On Liberty,John Stuart Mill,18125 downloads
138,"Thuvia, maid of Mars",Edgar Rice Burroughs,17928 downloads
139,"Travels in the Great Desert of Sahara, in the Years of 1845 and 1846",James Richardson,17923 downloads
140,Pride and Prejudice,Jane Austen,17639 downloads
141,The murder of Roger Ackroyd,Agatha Christie,17611 downloads
142,Les Misérables,Victor Hugo,17483 downloads
143,London and the Kingdom - Volume 2,Reginald R. Sharpe,17459 downloads
144,Sense and Sensibility,Jane Austen,17309 downloads
145,A Christmas Carol in Prose; Being a Ghost Story of Christmas,Charles Dickens,17274 downloads
146,Moby Multiple Language Lists of Common Words,Grady Ward,17190 downloads
147,The Sorrows of Young Werther,Johann Wolfgang von Goethe,17154 downloads
148,"Incidents in the Life of a Slave Girl, Written by Herself",Harriet A. Jacobs,17152 downloads
149,The Philippine Islands,F.R.G.S. John Foreman,17125 downloads
150,Twenty Thousand Leagues under the Sea,Jules Verne,17091 downloads
151,The Sign of the Four,Arthur Conan Doyle,17064 downloads
152,Ecce Homo,Friedrich Wilhelm Nietzsche,16877 downloads
153,Manual of Surgery Volume Second: Extremities—Head—Neck. Sixth Edition.,Alexis Thomson and Alexander Miles,16801 downloads
154,The Yeoman Adventurer,George W. Gough,16770 downloads
155,The Complete Project Gutenberg Works of Jane Austen,Jane Austen,16725 downloads
156,"Personal Memoirs of U. S. Grant, Complete",Ulysses S. Grant,16648 downloads
157,Plutarch's Morals,Plutarch,16631 downloads
158,De Profundis,Oscar Wilde,16620 downloads
159,"Chaucer's Works, Volume 4 — The Canterbury Tales (Middle English (1100-1500))",Geoffrey Chaucer,16556 downloads
160,Bleak House,Charles Dickens,16547 downloads
161,A Honeymoon in Space,George Chetwynd Griffith,16501 downloads
162,The Legend of Sleepy Hollow,Washington Irving,16466 downloads
163,A Journey to the Centre of the Earth,Jules Verne,16449 downloads
164,The Republic,Plato,16444 downloads
165,The Romance of Lust: A classic Victorian erotic novel,Anonymous,16431 downloads
166,The strange case of Dr. Jekyll and Mr. Hyde,Robert Louis Stevenson,16424 downloads
167,The Works of William Shakespeare [Cambridge Edition] [Vol. 8 of 9],William Shakespeare,16337 downloads
168,"Eloisa :  or, A series of original letters",Jean-Jacques Rousseau,16212 downloads
169,Dracula,Bram Stoker,16207 downloads
170,The Misplaced Battleship,Harry Harrison,16199 downloads
171,Manon Lescaut,abbé Prévost,16182 downloads
172,Reise in die Aequinoctial-Gegenden des neuen Continents. Band 2. (German),Alexander von Humboldt,16181 downloads
173,Pharmacographia,Friedrich A. Flückiger and Daniel Hanbury,16133 downloads
174,Henrietta Temple: A Love Story,Earl of Beaconsfield Benjamin Disraeli,16060 downloads
175,The Works of Edgar Allan Poe — Volume 1,Edgar Allan Poe,16048 downloads
176,"The Life of Joan of Arc, Vol. 1 and 2",Anatole France,16038 downloads
177,Bible Myths and their Parallels in other Religions,T. W. Doane,16003 downloads
178,Don Quijote (Spanish),Miguel de Cervantes Saavedra,15933 downloads
179,"The Ancient Stone Implements, Weapons and Ornaments, of Great Britain",John Evans,15910 downloads
180,Autobiography of a Yogi,Paramahansa Yogananda,15905 downloads
181,A Midsummer Night's Dream,William Shakespeare,15823 downloads
182,Sämmtliche Werke 5: Dramatische Werke (German),Nikolai Vasilevich Gogol,15820 downloads
183,Simple Sabotage Field Manual,United States. Office of Strategic Services,15792 downloads
184,Emma,Jane Austen,15760 downloads
185,A Source Book for Ancient Church History,Joseph Cullen Ayer,15728 downloads
186,The call of the wild,Jack London,15722 downloads
187,The Mystery of Edwin Drood,Charles Dickens,15698 downloads
188,The Religious Experience of the Roman People,W. Warde Fowler,15687 downloads
189,The Life and Adventures of Robinson Crusoe,Daniel Defoe,15683 downloads
190,Concrete Construction: Methods and Costs,Halbert Powers Gillette and Charles Shattuck Hill,15645 downloads
191,The Return of Sherlock Holmes,Arthur Conan Doyle,15577 downloads
192,The Germany and the Agricola of Tacitus,Cornelius Tacitus,15442 downloads
193,The Phantom of the Opera,Gaston Leroux,15359 downloads
194,Märchen der Gebrüder Grimm 2 (German),Jacob Grimm and Wilhelm Grimm,15314 downloads
195,I am a woman,Ann Bannon,15264 downloads
196,The Memoirs of Sherlock Holmes,Arthur Conan Doyle,15221 downloads
197,The King James Version of the Bible,,15207 downloads
198,The Home Book of Verse — Volume 2,Burton Egbert Stevenson,15176 downloads
199,That Which Hath Wings: A Novel of the Day,Richard Dehan,15173 downloads
200,The Crown of Wild Olive,John Ruskin,15157 downloads
201,"Modern English biography, volume 1 (of 4), A-H",Frederic Boase,15132 downloads
202,The Cask of Amontillado,Edgar Allan Poe,15087 downloads
203,The three musketeers,Alexandre Dumas and Auguste Maquet,15032 downloads
204,"The Natural History of Pliny, Volume 3 (of 6)",the Elder Pliny,14985 downloads
205,The Enchiridion,Epictetus,14981 downloads
206,The Mysterious Affair at Styles,Agatha Christie,14931 downloads
207,"The Roll of Honour, Volume 1 :  A biographical record of all members of His Majesty's naval  and military forces who have fallen in the war",marquis de Melville Henry Massue Ruvigny et Raineval,14918 downloads
208,"The History of Don Quixote, Volume 1, Complete",Miguel de Cervantes Saavedra,14913 downloads
209,"The Natural History of Pliny, Volume 1 (of 6)",the Elder Pliny,14871 downloads
210,Don Juan,Baron George Gordon Byron Byron,14869 downloads
211,That Girl Montana,Marah Ellis Ryan,14836 downloads
212,Symposium,Plato,14833 downloads
213,Le Morte d'Arthur: Volume 1,Sir Thomas Malory,14771 downloads
214,"Spenser's The Faerie Queene, Book I",Edmund Spenser,14734 downloads
215,Songs of Innocence and of Experience,William Blake,14721 downloads
216,A Pickle for the Knowing Ones,Timothy Dexter,14698 downloads
217,"Napoleon's Letters to Josephine, 1796-1812",Emperor of the French Napoleon I,14677 downloads
218,The Jungle Book,Rudyard Kipling,14637 downloads
219,Biographia Literaria,Samuel Taylor Coleridge,14597 downloads
220,Kidnapped,Robert Louis Stevenson,14584 downloads
221,"The Memoirs of the Conquistador Bernal Diaz del Castillo, Vol 1 (of 2)",Bernal Díaz del Castillo,14551 downloads
222,Roughing It,Mark Twain,14510 downloads
223,The call of Cthulhu,H. P. Lovecraft,14510 downloads
224,Shakespeare's family,C. C. Stopes,14446 downloads
225,David Copperfield,Charles Dickens,14423 downloads
226,Robert Orange,John Oliver Hobbes,14423 downloads
227,The innocence of Father Brown,G. K. Chesterton,14415 downloads
228,"The field and garden vegetables of America :  containing full descriptions of nearly eleven hundred species and varieties; with directions for propagation, culture, and use.",Fearing Burr,14409 downloads
229,Emily Brontë,A. Mary F. Robinson,14392 downloads
230,"Oliver Twist, Vol. 2 (of 3)",Charles Dickens,14384 downloads
231,The Governments of Europe,Frederic Austin Ogg,14353 downloads
232,Dubliners,James Joyce,14333 downloads
233,King Arthur and the Knights of the Round Table,Sir Thomas Malory,14324 downloads
234,The Sex Life of the Gods,M. E. Knerr,14294 downloads
235,"Woordenlijst voor de spelling der Nederlandsche Taal
 (Dutch)",M. de Vries and L. A. te Winkel,14262 downloads
236,Emma,Jane Austen,14250 downloads
237,Sonnets from the Portuguese,Elizabeth Barrett Browning,14243 downloads
238,Monte-Cristo's Daughter,Edmund Flagg,14190 downloads
239,Susan B. Anthony,Alma Lutz,14190 downloads
240,The Iliad,Homer,14180 downloads
241,The Diary of Samuel Pepys — Complete,Samuel Pepys,14113 downloads
242,Erotica Romana,Johann Wolfgang von Goethe,14109 downloads
243,The Woman in White,Wilkie Collins,14108 downloads
244,Southern Literature From 1579-1895,Louise Manly,14079 downloads
245,The Merry Adventures of Robin Hood,Howard Pyle,14073 downloads
246,Oliver Twist,Charles Dickens,14063 downloads
247,The Countess of Pembroke's Arcadia,Philip Sidney,13981 downloads
248,Romeo and Juliet,William Shakespeare,13949 downloads
249,"Frankenstein; Or, The Modern Prometheus",Mary Wollstonecraft Shelley,13913 downloads
250,The Campaign of 1776 around New York and Brooklyn,Henry Phelps Johnston,13909 downloads
251,Vegetable Teratology,Maxwell T. Masters,13887 downloads
252,The Blue Lagoon: A Romance,H. De Vere Stacpoole,13878 downloads
253,The Bābur-nāma in English (Memoirs of Bābur),Emperor of Hindustan Babur,13830 downloads
254,"Studies of American Fungi. Mushrooms, Edible, Poisonous, etc.",George Francis Atkinson,13784 downloads
255,"The Story of Genesis and Exodus: An Early English Song, about 1250 A.D.",,13768 downloads
256,Grimms' Fairy Tales,Jacob Grimm and Wilhelm Grimm,13756 downloads
257,Special Report on Diseases of the Horse,"United States. Bureau of Animal Industry, Leonard Pearson, Rush Shippen Huidekoper, Charles B. Michener, and W. H. Harbaugh",13736 downloads
258,"Le comte de Monte-Cristo, Tome I (French)",Alexandre Dumas and Auguste Maquet,13692 downloads
259,The Car of Destiny,C. N. Williamson and A. M. Williamson,13688 downloads
260,Catriona,Robert Louis Stevenson,13679 downloads
261,Don Quixote,Miguel de Cervantes Saavedra,13675 downloads
262,Love and Freindship [sic],Jane Austen,13670 downloads
263,The Critical Period of American History,John Fiske,13657 downloads
264,Aus dem Leben eines Taugenichts: Novelle (German),Freiherr von Joseph Eichendorff,13643 downloads
265,Narrative of the Captivity and Restoration of Mrs. Mary Rowlandson,Mary White Rowlandson,13615 downloads
266,Memoirs of the Court of Queen Elizabeth,Lucy Aikin,13605 downloads
267,Rizal's own story of his life,José Rizal,13579 downloads
268,Lorna Doone: A Romance of Exmoor,R. D. Blackmore,13538 downloads
269,Josefine Mutzenbacher (German),Felix Salten,13536 downloads
270,"The Doré Bible Gallery, Complete",,13483 downloads
271,The Moonstone,Wilkie Collins,13472 downloads
272,The Art of War,active 6th century B.C. Sunzi,13465 downloads
273,The Travels of Marco Polo — Volume 1,Marco Polo and da Pisa Rusticiano,13457 downloads
274,Blow The Man Down: A Romance Of The Coast,Holman Day,13453 downloads
275,"The Rover Boys on the Farm; or, Last Days at Putnam Hall",Edward Stratemeyer,13446 downloads
276,Origin of Cultivated Plants,Alphonse de Candolle,13444 downloads
277,Little Women,Louisa May Alcott,13419 downloads
278,The Love Letters of Henry VIII to Anne Boleyn; With Notes,King of England Henry VIII,13410 downloads
279,Northanger Abbey,Jane Austen,13404 downloads
280,What Will People Say? A Novel,Rupert Hughes,13400 downloads
281,The wisdom of Father Brown,G. K. Chesterton,13371 downloads
282,Under the Red Dragon: A Novel,James Grant,13344 downloads
283,Les trois mousquetaires (French),Alexandre Dumas and Auguste Maquet,13336 downloads
284,The Hesperides & Noble Numbers: Vol. 1 and 2,Robert Herrick,13325 downloads
285,The Egyptian Book of the dead,,13302 downloads
286,The Romance of Tristan and Iseult,Joseph Bédier,13298 downloads
287,Carl Svenske: Historisk berättelse från frihetstiden (Swedish),Gustaf Björlin,13294 downloads
288,Children's Literature,Charles Madison Curry and Erle Elsworth Clippinger,13287 downloads
289,As You Like It,William Shakespeare,13283 downloads
290,Olympic Victor Monuments and Greek Athletic Art,Walter Woodburn Hyde,13256 downloads
291,Millionen; Der Tod des Iwan Lande: Zwei Novellen (German),M. Artsybashev,13255 downloads
292,Roméo et Juliette (French),William Shakespeare,13230 downloads
293,White Fang,Jack London,13208 downloads
294,The Divine Comedy of Dante Alighieri: The Inferno,Dante Alighieri,13192 downloads
295,Twenty-Five Ghost Stories,,13177 downloads
296,A pair of blue eyes,Thomas Hardy,13171 downloads
297,Victorian Short Stories: Stories of Courtship,,13171 downloads
298,Gulliver's Travels into Several Remote Regions of the World,Jonathan Swift,13170 downloads
299,Complete Short Works of George Meredith,George Meredith,13166 downloads
300,The Genealogy of Morals,Friedrich Wilhelm Nietzsche,13154 downloads
301,Some Jewish Witnesses For Christ,Aaron Bernstein,13122 downloads
302,The Critique of Pure Reason,Immanuel Kant,13117 downloads
303,Poirot Investigates,Agatha Christie,13075 downloads
304,One Hundred Merrie And Delightsome Stories,,13075 downloads
305,Sword and Pen,John Algernon Owens,13053 downloads
306,I. Beowulf: an Anglo-Saxon poem. II. The fight at Finnsburh: a fragment. (Old English (ca. 450-1100)),,13045 downloads
307,The Works of William Shakespeare [Cambridge Edition] [Vol. 4 of 9],William Shakespeare,13025 downloads
308,"The Birth of Tragedy; or, Hellenism and Pessimism",Friedrich Wilhelm Nietzsche,13023 downloads
309,Leaves of Grass,Walt Whitman,13021 downloads
310,Reminiscences of a Stock Operator,Edwin Lefevre,13017 downloads
311,The Ethics of Aristotle,Aristotle,13009 downloads
312,Practical Mechanics for Boys,James Slough Zerbe,13008 downloads
313,"The Life of Florence Nightingale, vol. 2 of 2",Sir Edward Tyas Cook,13003 downloads
314,The Pirate,Walter Scott,12997 downloads
315,The Crack of Doom,Robert Cromie,12984 downloads
316,The war of the worlds,H. G. Wells,12971 downloads
317,Pride and Prejudice,Jane Austen,12966 downloads
318,"The Life of John Marshall, Volume 4: The building of the nation, 1815-1835",Albert J. Beveridge,12921 downloads
319,The Works of Lord Byron. Vol. 5,Baron George Gordon Byron Byron,12907 downloads
320,Undine,Freiherr de Friedrich Heinrich Karl La Motte-Fouqué,12904 downloads
321,Lady Audley's Secret,M. E. Braddon,12900 downloads
322,Only a girl's love,Charles Garvice,12880 downloads
323,The Secret Adversary,Agatha Christie,12874 downloads
324,Hypnerotomachia: The Strife of Loue in a Dreame,Francesco Colonna,12863 downloads
325,Winnie-the-Pooh,A. A. Milne,12814 downloads
326,"History of the Rise of the Huguenots, Vol. 1",Henry Martyn Baird,12799 downloads
327,"In the forbidden land :  an account of a journey into Tibet, capture by the Tibetan lamas and soldiers, imprisonment, torture and ultimate release",Arnold Henry Savage Landor,12769 downloads
328,The Red Lily — Complete,Anatole France,12765 downloads
329,The Valley of Fear,Arthur Conan Doyle,12761 downloads
330,Adventures of Sherlock Holmes,Arthur Conan Doyle,12759 downloads
331,The Complete Poetical Works of Samuel Taylor Coleridge. Vol 1 and 2,Samuel Taylor Coleridge,12723 downloads
332,Shakespearean Playhouses,Joseph Quincy Adams,12720 downloads
333,Camille (La Dame aux Camilias),Alexandre Dumas,12699 downloads
334,The Murder on the Links,Agatha Christie,12654 downloads
335,Myths and Legends of Ancient Greece and Rome,E. M. Berens,12641 downloads
336,El crimen y el castigo (Spanish),Fyodor Dostoyevsky,12637 downloads
337,On the Trail of the Space Pirates,Carey Rockwell,12595 downloads
338,The Lives and Opinions of Eminent Philosophers,Diogenes Laertius,12592 downloads
339,One of the Six Hundred: A Novel,James Grant,12589 downloads
340,The Tragical History of Doctor Faustus,Christopher Marlowe,12580 downloads
341,The Boy with Wings,Berta Ruck,12559 downloads
342,Aesop's Fables; a new translation,Aesop,12541 downloads
343,Tractatus Logico-Philosophicus (German),Ludwig Wittgenstein,12538 downloads
344,"The Awakening, and Selected Short Stories",Kate Chopin,12537 downloads
345,Candide,Voltaire,12536 downloads
346,A Romance of Billy-Goat Hill,Alice Caldwell Hegan Rice,12511 downloads
347,The Gay Adventure: A Romance,Richard Bird,12478 downloads
348,Amor Crioulo (Portuguese),Abel Acácio de Almeida Botelho,12448 downloads
349,Paradise Lost,John Milton,12448 downloads
350,The Passionate Elopement,Compton MacKenzie,12441 downloads
351,Anne of the Island,L. M. Montgomery,12413 downloads
352,Roman Stoicism,Edward Vernon Arnold,12409 downloads
353,"The Mahabharata of Krishna-Dwaipayana Vyasa, Volume 1",,12395 downloads
354,Through the Looking-Glass,Lewis Carroll,12392 downloads
355,"The complete works of John Gower, volume 2 :  The English works",John Gower,12387 downloads
356,The Landloper: The Romance of a Man on Foot,Holman Day,12371 downloads
357,Miss Mapp,E. F. Benson,12366 downloads
358,Moods,Louisa May Alcott,12336 downloads
359,Anne of Green Gables,L. M. Montgomery,12286 downloads
360,"Chaucer's Works, Volume 2 — Boethius and Troilus",Geoffrey Chaucer,12277 downloads
361,Manual of Military Training,James A. Moss,12277 downloads
362,His last bow :  Some later reminiscences of Sherlock Holmes,Arthur Conan Doyle,12269 downloads
363,Linnet: A Romance,Grant Allen,12267 downloads
364,The Great God Pan,Arthur Machen,12230 downloads
365,Washington Confidential,Jack Lait and Lee Mortimer,12227 downloads
366,"A History of the Nineteenth Century, Year by Year. Volume 2 (of 3)",Edwin Emerson,12211 downloads
367,The Secret Agent: A Simple Tale,Joseph Conrad,12209 downloads
368,Phaedrus,Plato,12204 downloads
369,The Treasure of Pearls: A Romance of Adventures in California,Gustave Aimard,12197 downloads
370,History of the Negro Race in America from 1619 to 1880. Vol. 2,George Washington Williams,12190 downloads
371,Eighty Years and More; Reminiscences 1815-1897,Elizabeth Cady Stanton,12182 downloads
372,The Time Machine,H. G. Wells,12172 downloads
373,The Silent Barrier,Louis Tracy,12139 downloads
374,Letters of Two Brides,Honoré de Balzac,12136 downloads
375,The Thirty-Nine Steps,John Buchan,12128 downloads
376,Library of the World's Best Mystery and Detective Stories,,12127 downloads
377,Celebrated Crimes (Complete),Alexandre Dumas,12127 downloads
378,Cynthia's Chauffeur,Louis Tracy,12122 downloads
379,The Handbook to English Heraldry,Charles Boutell,12102 downloads
380,An Inquiry into the Nature and Causes of the Wealth of Nations,Adam Smith,12100 downloads
381,Notes from the Underground,Fyodor Dostoyevsky,12050 downloads
382,The Green Mouse,Robert W. Chambers,12045 downloads
383,Cameron of Lochiel,Philippe Aubert de Gaspé,12032 downloads
384,"Arsène Lupin, gentleman-cambrioleur (French)",Maurice Leblanc,12021 downloads
385,On the Cross: A Romance of the Passion Play at Oberammergau,Wilhelmine von Hillern,11983 downloads
386,The case-book of Sherlock Holmes,Arthur Conan Doyle,11983 downloads
387,Doctor Cupid: A Novel,Rhoda Broughton,11980 downloads
388,The Prairie Wife,Arthur Stringer,11978 downloads
389,India's Love Lyrics,Laurence Hope,11959 downloads
390,One Woman: Being the Second Part of a Romance of Sussex,Alfred Ollivant,11950 downloads
391,Antiquities of the Jews,Flavius Josephus,11923 downloads
392,The Man in the Brown Suit,Agatha Christie,11919 downloads
393,Life and Letters of Charles Darwin — Volume 1,Charles Darwin,11902 downloads
394,Carmilla,Joseph Sheridan Le Fanu,11894 downloads
395,"The Hero of the People: A Historical Romance of Love, Liberty and Loyalty",Alexandre Dumas,11888 downloads
396,"Dainty's Cruel Rivals; Or, The Fatal Birthday",Mrs. Alex. McVeigh Miller,11879 downloads
397,Forest Days: A Romance of Old Times,G. P. R. James,11875 downloads
398,At the mountains of madness,H. P. Lovecraft,11867 downloads
399,Der Zauberberg. Zweiter Band (German),Thomas Mann,11851 downloads
400,Plague Ship,Andre Norton,11850 downloads
401,More Letters of Charles Darwin — Volume 1,Charles Darwin,11840 downloads
402,The Story of Paris,Thomas Okey,11837 downloads
403,"The Horsewoman: A Practical Guide to Side-Saddle Riding, 2nd. Ed.",Alice M. Hayes,11807 downloads
404,The Idiot,Fyodor Dostoyevsky,11802 downloads
405,Childe Harold's Pilgrimage,Baron George Gordon Byron Byron,11796 downloads
406,Paul Clifford — Complete,Baron Edward Bulwer Lytton Lytton,11772 downloads
407,The Decameron of Giovanni Boccaccio,Giovanni Boccaccio,11740 downloads
408,Uncle Tom's Cabin,Harriet Beecher Stowe,11734 downloads
409,Persuasion,Jane Austen,11731 downloads
410,The Philippines a Century Hence,José Rizal,11728 downloads
411,Voyage au Centre de la Terre (French),Jules Verne,11725 downloads
412,A Portrait of the Artist as a Young Man,James Joyce,11716 downloads
413,Ancient States and Empires,John Lord,11715 downloads
414,"A Short History of Freethought Ancient and Modern, Volume 2 of 2",J. M. Robertson,11712 downloads
415,The Seven Dials mystery,Agatha Christie,11711 downloads
416,Noli Me Tangere (Tagalog),José Rizal,11708 downloads
417,"The best short stories of 1917, and the yearbook of the American short story",,11705 downloads
418,Nederlandsche Volkskunde (Dutch),Jos. Schrijnen,11702 downloads
419,The House on the Borderland,William Hope Hodgson,11685 downloads
420,Ann Veronica: A Modern Love Story,H. G. Wells,11684 downloads
421,"Chambers's Edinburgh Journal, No. 452",Various,11670 downloads
422,L'île mystérieuse (French),Jules Verne,11670 downloads
423,Anarchism and Other Essays,Emma Goldman,11650 downloads
424,Lysistrata,Aristophanes,11632 downloads
425,The Swiss Family Robinson,Johann David Wyss,11624 downloads
426,"Critical and Historical Essays, Volume III (of 3)",Baron Thomas Babington Macaulay Macaulay,11622 downloads
427,The War in the Air; Vol. 1,Sir Walter Alexander Raleigh,11617 downloads
428,Folkways,William Graham Sumner,11607 downloads
429,Apologia pro vita sua :  being a history of his religious opinions,John Henry Newman,11606 downloads
430,Tales of Terror and Mystery,Arthur Conan Doyle,11594 downloads
431,The Big Four,Agatha Christie,11592 downloads
432,"Moby Dick; Or, The Whale",Herman Melville,11571 downloads
433,Tribute to Michael Hart (Arabic),Majid AlHydar,11560 downloads
434,The Samurai Strategy,Thomas Hoover,11534 downloads
435,From Edinburgh to India & Burmah,W. G. Burn Murdoch,11527 downloads
436,Tess of the d'Urbervilles: A Pure Woman,Thomas Hardy,11527 downloads
437,Minute Mysteries [Detectograms],H. A. Ripley,11522 downloads
438,The Riddle of the Sands,Erskine Childers,11506 downloads
439,Der Jäger von Fall :  Hochlandsroman (German),Ludwig Ganghofer,11492 downloads
440,"The Journal of Negro History, Volume 6, 1921",Various,11472 downloads
441,The Return of Sherlock Holmes,Arthur Conan Doyle,11464 downloads
442,The Candidate: A Political Romance,Joseph A. Altsheler,11460 downloads
443,Selected Works of Voltairine de Cleyre,Voltairine De Cleyre,11447 downloads
444,"The British battle fleet, Vol. 2 (of 2) :  its inception and growth throughout the centuries to the present day",Fred T. Jane,11438 downloads
445,Royal Palaces and Parks of France,M. F. Mansfield,11431 downloads
446,The Works of Lord Byron. Vol. 3,Baron George Gordon Byron Byron,11431 downloads
447,Trial by water,Sewell Peaslee Wright,11417 downloads
448,Introduction to the History of Religions,Crawford Howell Toy,11413 downloads
449,Twenty Years of Hus'ling,J. P. Johnston,11410 downloads
450,"Weird Tales, Volume 1, Number 4, June, 1923: The unique magazine",Various,11408 downloads
451,The Lock and Key Library: Classic Mystery and Detective Stories: Modern English,,11405 downloads
452,"Journeys Through Bookland, Vol. 7",Charles Herbert Sylvester,11395 downloads
453,"Weird Tales, Volume 1, Number 1, March 1923: The unique magazine",Various,11383 downloads
454,Tarrano the Conqueror,Ray Cummings,11362 downloads
455,The Spanish American Reader (Spanish),Ernesto Nelson,11356 downloads
456,The Parables of Our Lord,William Arnot,11353 downloads
457,A Cyclopaedia of Canadian Biography: Being Chiefly Men of the Time,,11348 downloads
458,Ghost Stories of an Antiquary,M. R. James,11346 downloads
459,On the Origin of Species By Means of Natural Selection,Charles Darwin,11345 downloads
460,My Recollections of Lord Byron,contessa di Teresa Guiccioli,11327 downloads
461,Tagalog Texts with Grammatical Analysis,Leonard Bloomfield,11325 downloads
462,The Dunwich horror,H. P. Lovecraft,11324 downloads
463,Lord Milner's Work in South Africa,W. Basil Worsfold,11305 downloads
464,The mystery of the Blue Train,Agatha Christie,11289 downloads
465,"Boys and Girls Bookshelf; a Practical Plan of Character Building, Volume I (of 17)",Various,11282 downloads
466,The Place of Honeymoons,Harold MacGrath,11237 downloads
467,"Les crimes de l'amour
 (French)",marquis de Sade,11236 downloads
468,Anabasis,Xenophon,11223 downloads
469,Mr. Standfast,John Buchan,11222 downloads
470,The Red House Mystery,A. A. Milne,11221 downloads
471,"Zoonomia; Or, the Laws of Organic Life, Vol. II",Erasmus Darwin,11213 downloads
472,Whose Body? A Lord Peter Wimsey Novel,Dorothy L. Sayers,11211 downloads
473,Twenty Thousand Leagues Under the Seas: An Underwater Tour of the World,Jules Verne,11204 downloads
474,The Gay Cockade,Temple Bailey,11172 downloads
475,Terminal Compromise,Winn Schwartau,11171 downloads
476,Bleak House,Charles Dickens,11143 downloads
477,Gevoel en verstand (Dutch),Jane Austen,11140 downloads
478,A Little English Gallery,Louise Imogen Guiney,11123 downloads
479,"A History of Art for Beginners and Students: Painting, Sculpture, Architecture",Clara Erskine Clement Waters,11115 downloads
480,The Empty House and Other Ghost Stories,Algernon Blackwood,11083 downloads
481,"The life and opinions of Tristram Shandy, gentleman",Laurence Sterne,11073 downloads
482,"The Camp Fire Girls Solve a Mystery; Or, The Christmas Adventure at Carver House",Hildegard G. Frey,11029 downloads
483,"The Greville Memoirs, Part 1 (of 3), Volume 1 (of 3)",Charles Greville,11023 downloads
484,Manures and the principles of manuring,Charles Morton Aikman,10997 downloads
485,Life Blood,Thomas Hoover,10994 downloads
486,Mrs. Dalloway,Virginia Woolf,10979 downloads
487,The Damned Thing,Ambrose Bierce,10954 downloads
488,"Principles of Political Economy, Vol. 1",Wilhelm Roscher,10946 downloads
489,The secret of Father Brown,G. K. Chesterton,10926 downloads
490,Bradford's History of 'Plimoth Plantation',William Bradford,10924 downloads
491,The Bishop of Cottontown: A Story of the Southern Cotton Mills,John Trotwood Moore,10921 downloads
492,灵历集光 (Chinese),Shangjie Song,10911 downloads
493,The Works of William Shakespeare [Cambridge Edition] [Vol. 6 of 9],William Shakespeare,10901 downloads
494,The Elements of Bacteriological Technique,J. W. H. Eyre,10900 downloads
495,The rose of old St. Louis,Mary Dillon,10889 downloads
496,The Mystery of the Yellow Room,Gaston Leroux,10886 downloads
497,The Choctaw Freedmen and the Story of Oak Hill Industrial Academy,Robert Elliott Flickinger,10878 downloads
498,"The Phantom 'Rickshaw, and Other Ghost Stories",Rudyard Kipling,10876 downloads
499,Following the Equator: A Journey Around the World,Mark Twain,10869 downloads
500,"The Tribes and Castes of the Central Provinces of India, Volume 2",R. V. Russell,10868 downloads
501,Jud Süß (German),Lion Feuchtwanger,10849 downloads
502,The Iliad,Homer,10840 downloads
503,The Dop Doctor,Richard Dehan,10836 downloads
504,"The Satires of Juvenal, Persius, Sulpicia, and Lucilius","Persius, Gaius Lucilius, Juvenal, and Sulpicia",10830 downloads
505,"The Variation of Animals and Plants Under Domestication, Vol. I.",Charles Darwin,10809 downloads
506,Fifty Years In The Northwest,William H. C. Folsom,10803 downloads
507,Roget's Thesaurus of English Words and Phrases,Peter Mark Roget,10798 downloads
508,Mon oncle et mon curé; Le voeu de Nadia (French),Jean de La Brète,10794 downloads
509,"The Will to Believe, and Other Essays in Popular Philosophy",William James,10794 downloads
510,"The history of England, from the accession of Henry III. to the death of Edward III. (1216-1377)",T. F. Tout,10788 downloads
511,The Consolation of Philosophy,Boethius,10788 downloads
512,The Secret Garden,Frances Hodgson Burnett,10786 downloads
513,The Return of the Native,Thomas Hardy,10777 downloads
514,The Missing Will,Agatha Christie,10743 downloads
515,Torchy and Vee,Sewell Ford,10732 downloads
516,Peter the Brazen: A Mystery Story of Modern China,George F. Worts,10731 downloads
517,Maman Léo (French),Paul Féval,10730 downloads
518,Pygmalion,Bernard Shaw,10723 downloads
519,Hero-Myths & Legends of the British Race,M. I. Ebbutt,10722 downloads
520,The Shunned House,H. P. Lovecraft,10721 downloads
521,"The Mysteries of London, v. 4/4",George W. M. Reynolds,10718 downloads
522,The Yellow Crayon,E. Phillips Oppenheim,10717 downloads
523,The Aeneid,Virgil,10715 downloads
524,"The Works of Robert Louis Stevenson - Swanston Edition, Vol. 20",Robert Louis Stevenson,10713 downloads
525,The Real Adventure,Henry Kitchell Webster,10701 downloads
526,A princess of Mars,Edgar Rice Burroughs,10695 downloads
527,Howards End,E. M. Forster,10695 downloads
528,Du côté de chez Swann (French),Marcel Proust,10685 downloads
529,Harriet Martineau,Florence Fenwick Miller,10683 downloads
530,Phaedo,Plato,10655 downloads
531,The Hunter's Lodge Case,Agatha Christie,10652 downloads
532,The Secret of the Night,Gaston Leroux,10650 downloads
533,The Ballad of the White Horse,G. K. Chesterton,10648 downloads
534,Space Station 1,Frank Belknap Long,10648 downloads
535,The Hound of the Baskervilles,Arthur Conan Doyle,10647 downloads
536,"Pen-portraits of literary women :  by themselves and others, Volume 2 (of 2)",,10647 downloads
537,Essays of Michel de Montaigne — Complete,Michel de Montaigne,10647 downloads
538,The Spy,James Fenimore Cooper,10638 downloads
539,The Grand Babylon Hôtel,Arnold Bennett,10634 downloads
540,Hungry Hearts,Anzia Yezierska,10612 downloads
541,Unnatural death,Dorothy L. Sayers,10607 downloads
542,The Daughter of Anderson Crow,George Barr McCutcheon,10607 downloads
543,The Reign of Greed,José Rizal,10598 downloads
544,Lone Star Planet,John J. McGuire and H. Beam Piper,10597 downloads
545,"Lives of the Most Eminent Painters Sculptors and Architects, Vol. 01 (of 10)",Giorgio Vasari,10594 downloads
546,The Works of Lord Byron. Vol. 2,Baron George Gordon Byron Byron,10593 downloads
547,The problem of Cell 13,Jacques Futrelle,10577 downloads
548,All about coffee,William H. Ukers,10575 downloads
549,"Friday, the Thirteenth: A Novel",Thomas William Lawson,10567 downloads
550,"The Journal of Negro History, Volume 5, 1920",Various,10559 downloads
551,Plays,Susan Glaspell,10558 downloads
552,The Insidious Dr. Fu Manchu,Sax Rohmer,10552 downloads
553,"A history of art in Chaldæa & Assyria, Vol. 1 (of 2)",Georges Perrot and Charles Chipiez,10544 downloads
554,The Air Pirate,Guy Thorne,10541 downloads
555,"Divine Comedy, Longfellow's Translation, Hell",Dante Alighieri,10535 downloads
556,The Tale of Peter Rabbit,Beatrix Potter,10533 downloads
557,Le avventure di Pinocchio (Italian),Carlo Collodi,10531 downloads
558,Love's Labour's Lost,William Shakespeare,10527 downloads
559,"Woodwork Joints: How They Are Set Out, How Made and Where Used.",William Fairham,10517 downloads
560,Pascal's Pensées,Blaise Pascal,10515 downloads
561,The Plymouth Express Affair,Agatha Christie,10514 downloads
562,"The Strand Magazine, Vol. 27, February 1904, No. 159.",Various,10510 downloads
563,"My Life and Loves, Vol. 1 (of 4)",Frank Harris,10507 downloads
564,Three hundred Aesop’s fables,Aesop,10500 downloads
565,The Railway Children,E. Nesbit,10488 downloads
566,"Narrative and Critical History of America, Vol. 6 (of 8)",,10476 downloads
567,"The Works of Edgar Allan Poe, The Raven Edition",Edgar Allan Poe,10473 downloads
568,An Elementary Study of Chemistry,William McPherson and William Edwards Henderson,10470 downloads
569,Sea Power in its Relations to the War of 1812. Volume 1,A. T. Mahan,10468 downloads
570,Black Beauty :  The autobiography of a horse,Anna Sewell,10466 downloads
571,The Sailor's Word-Book,W. H. Smyth,10442 downloads
572,Occasion ... for Disaster,Randall Garrett and Laurence M. Janifer,10430 downloads
573,The Passionate Friends,H. G. Wells,10424 downloads
574,'Firebrand' Trevison,Charles Alden Seltzer,10423 downloads
575,My Reminiscences of the Anglo-Boer War,Ben J. Viljoen,10419 downloads
576,The Land of Thor,J. Ross Browne,10415 downloads
577,The Book-Hunter,John Hill Burton,10406 downloads
578,"Love-at-arms :  being a narrative excerpted from the chronicles of Urbino, during the dominion of the high and mighty Messer Guidobaldo da Montefeltro",Rafael Sabatini,10400 downloads
579,The Hand in the Dark,Arthur J. Rees,10395 downloads
580,Cruel as the grave,Emma Dorothy Eliza Nevitte Southworth,10385 downloads
581,The Czar's Spy: The Mystery of a Silent Love,William Le Queux,10369 downloads
582,The Tapestry Book,Helen Churchill Candee,10368 downloads
583,"Narrative and Critical History of America, Vol. 2 (of 8)",,10343 downloads
584,The Comic English Grammar: A New And Facetious Introduction To The English Tongue,Percival Leigh,10336 downloads
585,Critical and Historical Essays,Edward MacDowell,10313 downloads
586,"The Life of George Washington, Vol. 2",John Marshall,10296 downloads
587,The Book of the National Parks,Robert Sterling Yard,10292 downloads
588,Time Crime,H. Beam Piper,10290 downloads
589,Domesday Book and Beyond: Three Essays in the Early History of England,Frederic William Maitland,10289 downloads
590,By Advice of Counsel,Arthur Cheney Train,10288 downloads
591,The Gilded Age: A Tale of Today,Mark Twain and Charles Dudley Warner,10283 downloads
592,Quintus Claudius: A Romance of Imperial Rome. Volume 1,Ernst Eckstein,10272 downloads
593,The Big Fix,George O. Smith,10267 downloads
594,Penrod,Booth Tarkington,10257 downloads
595,The Frontier in American History,Frederick Jackson Turner,10232 downloads
596,Pagan and Christian Rome,Rodolfo Amedeo Lanciani,10226 downloads
597,"Alcohol: A Dangerous and Unnecessary Medicine, How and Why",Martha Meir Allen,10214 downloads
598,"Frankenstein; Or, The Modern Prometheus",Mary Wollstonecraft Shelley,10189 downloads
599,The Creators: A Comedy,May Sinclair,10188 downloads
600,The Republic of Plato,Plato,10186 downloads
601,The Red Badge of Courage: An Episode of the American Civil War,Stephen Crane,10179 downloads
602,"Bacon's Essays, and Wisdom of the Ancients",Francis Bacon,10176 downloads
603,Contemporary American Composers,Rupert Hughes,10172 downloads
604,Der Struwwelpeter (German),Heinrich Hoffmann,10168 downloads
605,The Zeppelin's Passenger,E. Phillips Oppenheim,10167 downloads
606,"Changeling, and Other Stories",Donn Byrne,10166 downloads
607,Paradise Lost,John Milton,10162 downloads
608,A Case in Camera,Oliver Onions,10162 downloads
609,Faust [part 1]. Translated Into English in the Original Metres,Johann Wolfgang von Goethe,10153 downloads
610,Notre-Dame de Paris,Victor Hugo,10149 downloads
611,"Character Sketches of Romance, Fiction and the Drama, Vol. 3",Ebenezer Cobham Brewer,10144 downloads
612,Children of the Whirlwind,Leroy Scott,10138 downloads
613,Baron Trump's Marvellous Underground Journey,Ingersoll Lockwood,10130 downloads
614,The Bakhtyār Nāma: A Persian Romance,,10115 downloads
615,Geschichte Alexanders des Grossen (German),Johann Gustav Droysen,10109 downloads
616,The Last of the Mohicans; A narrative of 1757,James Fenimore Cooper,10108 downloads
617,Noli me tangere: Filippijnsche roman (Dutch),José Rizal,10108 downloads
618,Civics and Health,William H. Allen,10099 downloads
619,The Man Upstairs and Other Stories,P. G. Wodehouse,10097 downloads
620,A Concise Dictionary of Middle English from A.D. 1150 to 1580,Walter W. Skeat and A. L. Mayhew,10085 downloads
621,Anne of Green Gables,L. M. Montgomery,10078 downloads
622,The Long Roll,Mary Johnston,10077 downloads
623,"Mémoires d'Outre-Tombe, Tome 4 (French)",vicomte de François-René Chateaubriand,10068 downloads
624,The Ambulance Made Two Trips,Murray Leinster,10043 downloads
