id,name,country,height,weight,team
74,S. Amrabat,Morocco,183,82,Manchester United
526,A. Onana,Cameroon,190,93,Manchester United
739,Reguilón,Spain,178 cm,68 kg,Manchester United
742,R. Varane,France,191 cm,81 kg,Manchester United
889,V. Lindelöf,Sweden,187,80,Manchester United
897,M. Greenwood,England,181,70,Manchester United
908,A. Martial,France,181,76,Manchester United
2931,T. Heaton,England,188,85,Manchester United
153434,W. Fish,England,185,,Manchester United
180560,H. Mejbri,Tunisia,177,74,Manchester United
284242,O. Forson,England,179,74,Manchester United
284307,Ethan Ennis,England,178,,Manchester United
284324,A. Garnacho,Argentina,180,73,Manchester United
284363,R. Bennett,England,187,,Manchester United
284391,S. Murray,England,,,Manchester United
303016,M. Oyedele,Poland,180,70,Manchester United
303017,Samuel Mather,England,,,Manchester United
330636,Sonny Aljofree,England,186,,Manchester United
365664,Ethan Williams,England,,,Manchester United
402329,A. Heaven,England,189,77,Manchester United
18,J. Sancho,England,180,76,Manchester United
532,M. de Ligt,Netherlands,187,89,Manchester United
545,N. Mazraoui,Morocco,183,63,Manchester United
747,Casemiro,Brazil,185,84,Manchester United
886,Diogo Dalot,Portugal,183,78,Manchester United
891,L. Shaw,England,178,80,Manchester United
1485,Bruno Fernandes,Portugal,179,66,Manchester United
2467,Lisandro Martínez,Argentina,175,72,Manchester United
2935,H. Maguire,England,194,90,Manchester United
9971,Antony,Brazil,174,63,Manchester United
19220,M. Mount,England,181,76,Manchester United
37145,T. Malacia,Netherlands,170,67,Manchester United
51494,M. Ugarte,Uruguay,182,77,Manchester United
70100,J. Zirkzee,Netherlands,193,84,Manchester United
157997,A. Diallo,Côte d'Ivoire,173,72,Manchester United
284322,K. Mainoo,England,175,72,Manchester United
328101,T. Fredricson,England,184,70,Manchester United
342970,L. Yoro,France,190,83,Manchester United
382452,P. Dorgu,Denmark,185,68,Manchester United
403064,H. Amass,England,181,71,Manchester United
1165,Matheus Cunha,Brazil,183,76,Manchester United
18846,A. Wan-Bissaka,England,183,72,Manchester United
284382,Dermot William Mee,Northern Ireland,183,,Manchester United
284539,H. Graczyk,England,192 cm,85 kg,Manchester United
288006,R. Højlund,Denmark,191,86,Manchester United
288112,Willy Kambwala Ndengushi,France,192,85,Manchester United
298062,Louis Jackson,England,,,Manchester United
378981,Elyh Harrison,England,182,,Manchester United
389309,O. Martin,Denmark,188,68,Manchester United
396483,Shea Lacey,England,167 cm,,Manchester United
396729,J. Scanlon,England,180,,Manchester United
402330,J. Kamason,England,,,Manchester United
402331,R. Munro,England,,,Manchester United
404017,Tyler Fletcher,England,,,Manchester United
404769,Bendito Mantato,England,180,,Manchester United
406098,William Stephen Murdock,England,,,Manchester United
407026,Daniel Armer,Scotland,,,Manchester United
418210,S. Koné,Mali,176,65,Manchester United
440159,G. Kukonki,England,196,85,Manchester United
440160,J. Thwaites,England,,,Manchester United
1972,L. Karius,Germany,189,87,Newcastle
18873,R. Fraser,Scotland,163,70,Newcastle
18886,M. Dúbravka,Slovakia,190,83,Newcastle
18892,P. Dummett,Wales,183 cm,82 kg,Newcastle
18899,I. Hayden,England,185,79,Newcastle
18903,M. Ritchie,Scotland,172,76,Newcastle
68127,K. Watts,England,192,75,Newcastle
138908,E. Anderson,Scotland,179,69,Newcastle
284291,J. Turner-Cooke,England,,,Newcastle
284305,Jamie Miley,England,175,,Newcastle
313671,Ciaran Thompson,England,,,Newcastle
322304,Cathal Heffernan,Republic of Ireland,,,Newcastle
340919,Ellis Stanton,England,,,Newcastle
344233,J. Emerson,Scotland,,,Newcastle
352210,Dylan Charlton,Iceland,,,Newcastle
365988,Aidan Harris,England,,,Newcastle
382344,A. Munda,England,167,60,Newcastle
382345,Alfie Harrison,England,,,Newcastle
383685,Y. Minteh,Gambia,180,65,Newcastle
402524,A. Harrison,England,,,Newcastle
169,K. Trippier,England,178,71,Newcastle
723,Joelinton,Brazil,186,81,Newcastle
2806,F. Schär,Switzerland,186,84,Newcastle
2855,E. Krafth,Sweden,184,83,Newcastle
2864,A. Isak,Sweden,192,77,Newcastle
10135,Bruno Guimarães,Brazil,182,74,Newcastle
18737,J. Ruddy,England,192,96,Newcastle
18778,H. Barnes,England,174,66,Newcastle
18894,J. Lascelles,England,188,89,Newcastle
18911,N. Pope,England,191,76,Newcastle
18941,M. Targett,England,183,70,Newcastle
18961,D. Burn,England,198,87,Newcastle
31146,S. Tonali,Italy,181,79,Newcastle
38734,S. Botman,Netherlands,193,81,Newcastle
44912,M. Gillespie,England,192,83,Newcastle
158694,T. Livramento,England,182,65,Newcastle
171058,H. Ashby,Scotland,179,62,Newcastle
284492,L. Hall,England,179,73,Newcastle
318056,A. Murphy,Republic of Ireland,188,78,Newcastle
328105,L. Miley,England,185,72,Newcastle
557,O. Vlachodimos,Greece,188,78,Newcastle
1463,J. Willock,England,179,71,Newcastle
2939,C. Wilson,England,180,66,Newcastle
18896,Javier Manquillo,Spain,178 cm,76 kg,Newcastle
18901,S. Longstaff,England,180,65,Newcastle
19163,J. Murphy,England,179,74,Newcastle
19192,J. Ramsey,England,180,75,Newcastle
19263,L. Kelly,England,178,70,Newcastle
138787,A. Gordon,England,183,72,Newcastle
138906,J. White,England,186 cm,70 kg,Newcastle
153430,A. Elanga,Sweden,178,70,Newcastle
284278,Michael Ndiweni,England,,,Newcastle
284373,L. De Bolle,Scotland,,,Newcastle
284375,James Alan Huntley,England,,,Newcastle
315237,W. Osula,Denmark,180,81,Newcastle
328104,Ben Parkinson,England,,,Newcastle
337934,L. Shahar,England,,,Newcastle
349987,G. Kuol,Australia,175,68,Newcastle
394165,S. Neave,England,,,Newcastle
401389,T. Sanusi,England,178,60,Newcastle
1150,T. Adams,USA,175,72,Bournemouth
2273,Kepa,Spain,189,84,Bournemouth
6610,M. Senesi,Argentina,185,80,Bournemouth
18860,M. Travers,Republic of Ireland,191,82,Bournemouth
18866,C. Mepham,Wales,193,88,Bournemouth
18869,A. Smith,England,180,78,Bournemouth
18883,D. Solanke,England,187,80,Bournemouth
19356,E. Marcondes,Denmark,182,75,Bournemouth
19804,K. Moore,Wales,196,89,Bournemouth
20093,J. Hill,England,184,73,Bournemouth
30765,I. Radu,Romania,188,70,Bournemouth
51051,J. Araujo,Mexico,175,70,Bournemouth
94360,A. Paulsen,New Zealand,193,82,Bournemouth
151756,W. Dennis,England,188,84,Bournemouth
206254,M. Kerkez,Hungary,180,71,Bournemouth
284797,D. Ouattara,Burkina Faso,177,71,Bournemouth
359942,M. Akinmboni,USA,191,77,Bournemouth
363333,J. Soler,Argentina,170,63,Bournemouth
394710,C. McKenna,Scotland,188,76,Bournemouth
792,J. Kluivert,Netherlands,171,67,Bournemouth
1125,R. Christie,Scotland,178,70,Bournemouth
2734,P. Billing,Denmark,193,83,Bournemouth
18870,D. Brooks,Wales,173,62,Bournemouth
18872,L. Cook,England,175,71,Bournemouth
19245,M. Tavernier,England,178,70,Bournemouth
19281,A. Semenyo,Ghana,185,79,Bournemouth
19482,J. Rothwell,England,185,77,Bournemouth
31057,H. Traorè,Côte d'Ivoire,184,77,Bournemouth
37161,L. Sinisterra,Colombia,172,60,Bournemouth
47499,E. Ünal,Türkiye,187,78,Bournemouth
84082,R. Faivre,France,180,75,Bournemouth
152856,Evanilson,Brazil,183,80,Bournemouth
196855,J. Anthony,England,183,,Bournemouth
296458,D. Jebbison,Canada,190,69,Bournemouth
298060,Z. Silcott-Duberry,England,183 cm,73 kg,Bournemouth
304853,A. Scott,England,178,68,Bournemouth
382160,D. Adu-Adjei,England,177,68,Bournemouth
402432,Ben Winterburn,England,185,75,Bournemouth
402434,Remy Rees-Dottin,England,174,76,Bournemouth
912,Neto,Brazil,190 cm,84 kg,Bournemouth
18815,R. Fredericks,England,181 cm,74 kg,Bournemouth
19070,M. Aarons,England,178,69,Bournemouth
19229,D. Randolph,Republic of Ireland,188 cm,98 kg,Bournemouth
130416,G. Kilkenny,Republic of Ireland,170,,Bournemouth
161671,I. Zabarnyi,Ukraine,189,80,Bournemouth
334725,D. Sadi,England,174 cm,65 kg,Bournemouth
361497,D. Huijsen,Netherlands,195,87,Bournemouth
382166,C. Plain,England,,,Bournemouth
382170,M. Kinsey-Wellings,England,184 cm,76 kg,Bournemouth
449224,Archie Harris,England,166,57,Bournemouth
190,Cédric Soares,Portugal,172,67,Arsenal
1161,E. Smith Rowe,England,182,79,Arsenal
1452,Mohamed Elneny,Egypt,179,72,Arsenal
1468,E. Nketiah,England,175,72,Arsenal
19465,David Raya,Spain,183,80,Arsenal
38746,J. Timber,Netherlands,179,79,Arsenal
41577,Nuno Tavares,Portugal,183,75,Arsenal
163068,O. Rekik,Tunisia,188,86,Arsenal
169295,K. Hein,Estonia,193,86,Arsenal
283026,M. Biereth,Denmark,187,69,Arsenal
284502,James Lannin-Sweet,England,,,Arsenal
284540,Mauro Bandeira,Portugal,178 cm,,Arsenal
284571,C. Sagoe,England,,,Arsenal
309501,A. Cozier-Duberry,England,170 cm,57 kg,Arsenal
309505,R. Walters,England,186,65,Arsenal
311520,Marquinhos,Brazil,175,85,Arsenal
342243,T. Setford,England,185,76,Arsenal
396206,L. Martin,Denmark,,,Arsenal
641,O. Zinchenko,Ukraine,175,64,Arsenal
643,Gabriel Jesus,Brazil,175,73,Arsenal
727,R. Nelson,England,175,71,Arsenal
978,K. Havertz,Germany,193,83,Arsenal
1427,A. Sambi Lokonga,Belgium,183,67,Arsenal
1460,B. Saka,England,178,72,Arsenal
1946,L. Trossard,Belgium,172,61,Arsenal
2937,D. Rice,England,188,84,Arsenal
19959,B. White,England,186,76,Arsenal
22090,W. Saliba,France,192,92,Arsenal
22224,Gabriel Magalhães,Brazil,190,78,Arsenal
37127,M. Ødegaard,Norway,178,68,Arsenal
41725,Fábio Vieira,Portugal,170,58,Arsenal
47311,Mikel Merino,Spain,189,83,Arsenal
61431,J. Kiwior,Poland,189,75,Arsenal
157052,R. Calafiori,Italy,188,86,Arsenal
313236,E. Nwaneri,England,176,70,Arsenal
313245,M. Lewis-Skelly,England,178,72,Arsenal
380697,M. Kacurri,Albania,183,84,Arsenal
407033,Ismeal Kabia,Netherlands,175,70,Arsenal
49,T. Partey,Ghana,185,77,Arsenal
645,R. Sterling,England,172 cm,69 kg,Arsenal
1117,K. Tierney,Scotland,178,70,Arsenal
2289,Jorginho,Italy,180 cm,65 kg,Arsenal
2597,T. Tomiyasu,Japan,187,84,Arsenal
20355,A. Ramsdale,England,190,88,Arsenal
127769,Gabriel Martinelli,Brazil,178,75,Arsenal
153407,N. Butler-Oyedeji,England,171,69,Arsenal
278074,S. Oulad M&apos;Hand,Netherlands,177 cm,70 kg,Arsenal
284463,Jack Henry-Francis,Republic of Ireland,181,,Arsenal
284557,Z. Monlouis,England,185,75,Arsenal
309506,J. Robinson,England,180,67,Arsenal
313229,J. Gower,England,181,74,Arsenal
337933,Alexei Rojas Fedorushchenko,Colombia,187,77,Arsenal
339175,M. Rosiak,Poland,180,,Arsenal
348818,B. Clarke,Wales,,,Arsenal
380696,Joshua Nichols,England,165,56,Arsenal
416697,J. Porter,England,187,75,Arsenal
83,A. Danjuma,Netherlands,178,74,Everton
172,D. Alli,England,188,76,Everton
2932,J. Pickford,England,185,82,Everton
2934,M. Keane,England,191,82,Everton
2936,J. Tarkowski,England,185,81,Everton
17661,J. Branthwaite,England,195,87,Everton
18758,S. Coleman,Republic of Ireland,177,67,Everton
18765,André Gomes,Portugal,188,84,Everton
19073,B. Godfrey,England,184,74,Everton
20069,B. Crellin,England,185,60,Everton
20224,A. Lonergan,England,192,87,Everton
82855,T. King,Wales,194,80,Everton
138417,N. Patterson,Scotland,189,83,Everton
138844,H. Tyrer,England,194,,Everton
153425,L. Dobbin,England,175,71,Everton
162714,A. Onana,Belgium,195,76,Everton
270139,J. O&apos;Brien,Republic of Ireland,197,92,Everton
297641,Jenson Metcalfe,England,,,Everton
298099,Mackenzie Hunt,England,173,,Everton
895,J. Garner,England,186,78,Everton
2165,V. Mykolenko,Ukraine,180,71,Everton
2990,I. Gueye,Senegal,174,66,Everton
18592,I. Ndiaye,Senegal,180,70,Everton
18766,D. Calvert-Lewin,England,187,71,Everton
18858,A. Begović,Bosnia and Herzegovina,199,101,Everton
18929,D. McNeil,England,183,68,Everton
19128,J. Harrison,England,175,70,Everton
19364,N. Maupay,France,173,69,Everton
24882,O. Mangala,Belgium,178,80,Everton
125743,Beto,Portugal,194,88,Everton
138822,A. Broja,Albania,191,83,Everton
167657,T. Onyango,England,190,76,Everton
195993,C. Alcaraz,Argentina,176,68,Everton
284326,Žan-Luk Leban,Slovenia,188,74,Everton
284385,Elijah Xavier Campbell,England,182,63,Everton
284500,T. Iroegbunam,England,183,70,Everton
296664,Isaac Heath,England,173,55,Everton
330412,Youssef Chermiti,Portugal,192,84,Everton
405360,H. Armstrong,England,185,70,Everton
894,A. Young,England,175,65,Everton
15884,J. Lindstrøm,Denmark,182,66,Everton
18755,João Virgínia,Portugal,193,83,Everton
18805,A. Doucouré,Mali,184,75,Everton
19150,M. Holgate,England,187,82,Everton
284266,L. Warrington,England,,,Everton
284280,Luke Joseph Butterfield,Scotland,175,64,Everton
284327,R. Welch,England,,,Everton
297640,Roman Dixon,England,175,65,Everton
301714,Owen Barker,England,173 cm,62 kg,Everton
328115,Martin Sherif,England,183,71,Everton
361676,Coby Ebere,England,187,,Everton
361679,Callum Bates,England,180,78,Everton
394501,Bradley Moonan,England,183,73,Everton
454,Y. Akgün,Türkiye,173,65,Leicester
1135,O. Édouard,France,187,83,Leicester
2778,K. Ịheanachọ,Nigeria,185,82,Leicester
2925,D. Praet,Belgium,181,78,Leicester
15870,M. Hermansen,Denmark,187,81,Leicester
19004,B. De Cordova-Reid,Jamaica,170,68,Leicester
19760,J. Justin,England,183,80,Leicester
138929,L. Brunt,England,187,,Leicester
148099,K. Dewsbury-Hall,England,178,80,Leicester
278116,Tawanda Jethro Maswanhise,England,180,,Leicester
283289,A. Raikhy,England,,,Leicester
284372,C. Doyle,England,185,72,Leicester
284403,Silko Amari Otieno Thomas,England,,,Leicester
304316,Henry Cartwright,England,175 cm,67 kg,Leicester
304322,C. Popov,Wales,170 cm,,Leicester
305732,T. Wilson-Brown,England,194,,Leicester
311334,F. Buonanotte,Argentina,174,66,Leicester
330986,M. Golding,England,178,73,Leicester
350626,L. Briggs,England,,,Leicester
400745,S. Bausor,England,,,Leicester
8694,W. Faes,Belgium,187,84,Leicester
17736,D. Iversen,Denmark,193,80,Leicester
18146,D. Ward,Wales,191,88,Leicester
18741,C. Coady,England,185,80,Leicester
18771,Ricardo Pereira,Portugal,175,70,Leicester
18943,J. Vestergaard,Denmark,199,94,Leicester
20079,H. Souttar,Australia,200,101,Leicester
30427,C. Okoli,Italy,191,91,Leicester
128338,W. Coulibaly,France,188,77,Leicester
152969,L. Thomas,England,181,71,Leicester
152970,J. Stolarczyk,Poland,194,81,Leicester
158710,V. Kristiansen,Denmark,181,73,Leicester
278115,Harvey George Godsmark-Ford,England,,,Leicester
278118,B. Nelson,England,193,87,Leicester
283290,K. McAteer,England,177,69,Leicester
284530,Brandon Ashley Cover,England,,,Leicester
289624,S. Braybrooke,England,,,Leicester
340573,B. El Khannouss,Morocco,180,70,Leicester
417310,O. Aluko,England,,,Leicester
460853,J. Monga,England,,,Leicester
180,O. Skipp,England,175,70,Leicester
182,H. Winks,England,178,65,Leicester
879,S. Mavididi,England,182,71,Leicester
1098,P. Daka,Zambia,183,71,Leicester
3428,J. Ayew,Ghana,182,80,Leicester
18777,M. Albrighton,England,175 cm,74 kg,Leicester
18779,H. Choudhury,England,178,64,Leicester
18786,W. Ndidi,Nigeria,183,74,Leicester
18788,J. Vardy,England,179,74,Leicester
22233,B. Soumaré,France,188,70,Leicester
215874,T. Cannon,Republic of Ireland,180,64,Leicester
284487,Wanya Marçal,Portugal,181,73,Leicester
303467,A. Fatawu,Ghana,177,73,Leicester
305733,W. Alves,England,192,83,Leicester
434183,J. Evans,England,,,Leicester
164,B. Davies,Wales,181,77,Tottenham
662,T. Ndombélé,France,181,76,Tottenham
19032,R. Sessegnon,England,178,70,Tottenham
19235,D. Spence,England,185,71,Tottenham
19321,J. Rodon,Wales,193,88,Tottenham
25287,K. Danso,Austria,190,85,Tottenham
30776,C. Romero,Argentina,185,78,Tottenham
31354,G. Vicario,Italy,194,83,Tottenham
47519,Pedro Porro,Spain,173,69,Tottenham
149550,J. Tanganga,England,184,76,Tottenham
149551,T. Parrott,Republic of Ireland,185,78,Tottenham
152849,M. van de Ven,Netherlands,193,81,Tottenham
156428,B. Austin,England,188,82,Tottenham
162148,M. Robson,England,182,,Tottenham
162150,N. John,England,178 cm,70 kg,Tottenham
162498,R. Drăgușin,Romania,191,85,Tottenham
265826,A. Kinský,Czechia,190,83,Tottenham
337929,G. Abbott,England,,,Tottenham
344247,Luca Gunter,England,,,Tottenham
361736,Leo Black,England,,,Tottenham
